book_id,genre_id
17,93
89,206
189,152
257,83
267,120
309,68
313,217
365,276
388,8
407,157
445,93
470,93
470,236
553,34
554,68
660,99
680,182
682,97
686,42
693,97
702,78
703,78
771,246
778,107
794,176
803,83
967,250
50,132
52,182
54,182
162,42
175,108
225,195
288,236
300,18
337,97
380,266
409,148
431,187
482,93
522,97
536,68
553,291
558,247
701,243
704,23
715,135
768,97
786,272
838,78
846,118
884,93
906,143
910,132
991,248
101,109
106,59
176,21
201,107
222,157
228,202
253,203
255,62
309,74
332,182
361,215
457,72
468,93
488,218
511,12
664,275
671,182
697,243
709,42
734,107
777,247
785,34
810,125
830,42
846,67
888,182
895,118
914,34
919,182
920,188
949,184
977,204
28,204
68,216
77,182
111,275
118,59
125,42
153,93
162,182
300,182
312,183
333,107
366,97
372,246
397,248
469,42
486,243
546,132
560,188
573,166
615,97
617,182
618,132
654,166
694,280
697,93
746,31
765,213
771,182
784,132
785,107
791,182
799,243
801,246
822,187
834,175
837,157
846,246
872,248
884,68
892,182
898,68
938,107
940,247
952,67
976,254
19,228
32,48
35,193
57,120
115,182
119,247
134,22
144,21
200,182
210,34
242,42
299,182
336,68
370,12
373,48
401,35
532,182
580,202
640,202
698,80
711,42
734,187
814,217
842,122
851,246
852,243
892,107
917,243
938,34
963,78
984,93
19,34
80,107
86,125
133,184
145,125
198,143
223,157
241,21
270,111
324,42
340,34
408,144
430,157
442,157
452,182
463,182
480,76
542,243
608,34
616,247
655,202
700,3
707,263
760,143
782,21
798,184
813,12
818,93
818,12
864,114
973,204
977,34
37,17
88,34
145,42
241,187
336,202
401,182
436,19
438,42
452,118
470,187
478,182
482,182
501,182
571,42
721,97
748,247
749,247
763,205
768,132
776,93
782,97
796,203
857,248
895,291
898,91
904,143
967,42
977,182
48,49
64,42
72,93
78,42
106,182
115,68
122,166
128,42
132,182
143,106
156,21
199,68
219,12
220,21
292,69
293,254
294,247
343,157
381,143
427,83
462,182
490,93
511,182
516,182
530,246
696,217
741,97
742,68
847,12
876,208
879,125
884,187
910,247
917,97
947,96
958,130
995,272
41,236
60,204
96,34
104,18
147,206
158,132
180,91
184,243
186,67
219,272
256,182
263,202
272,176
275,176
289,180
297,134
324,182
330,17
339,21
356,68
410,18
440,34
447,204
462,107
544,21
548,118
564,183
645,291
660,204
676,135
682,150
695,106
701,246
770,68
800,52
820,12
852,21
912,216
919,21
925,182
929,42
940,107
980,83
994,154
14,68
71,93
88,263
91,219
115,21
136,292
142,254
145,222
190,243
214,272
222,202
256,143
272,34
284,23
348,246
389,231
410,268
434,263
440,181
446,59
460,73
472,12
528,107
540,145
582,184
599,121
611,182
642,274
701,68
736,93
758,93
817,34
828,276
850,182
931,62
6,97
44,157
142,230
164,187
204,73
234,97
271,248
291,5
301,243
338,25
339,0
344,204
366,106
371,246
404,59
419,48
489,254
498,236
532,125
537,21
546,76
577,35
585,34
605,42
671,247
714,146
833,216
855,191
914,132
925,23
946,221
974,97
997,93
56,107
120,182
122,215
130,247
133,143
176,34
206,145
239,292
251,143
253,34
270,27
286,166
319,118
324,122
329,42
387,143
447,227
451,21
497,132
509,78
514,182
534,182
572,143
592,48
596,48
608,217
638,121
680,277
714,257
746,68
747,195
771,34
820,28
858,68
877,97
946,68
953,68
995,157
60,106
74,42
81,68
198,52
218,38
219,34
222,21
248,166
262,182
283,182
288,34
306,93
325,243
342,187
370,182
370,204
432,102
453,199
563,206
587,80
626,143
690,182
765,12
781,182
824,254
842,34
849,285
854,203
894,243
951,59
977,21
18,93
55,143
100,0
126,78
127,182
137,34
139,42
171,236
186,246
203,97
241,188
246,97
248,174
250,102
279,68
286,248
354,59
387,190
429,12
445,63
527,143
560,107
578,96
613,73
663,132
713,182
727,67
746,34
771,217
803,246
826,106
831,166
858,221
921,182
950,236
976,34
984,243
985,157
6,132
44,93
59,73
65,182
83,151
100,55
108,107
151,73
157,243
204,246
301,209
308,151
382,187
455,187
471,86
476,68
495,143
639,110
658,204
720,202
802,182
878,34
953,188
961,106
39,184
54,118
60,182
157,97
164,157
230,246
242,106
247,247
257,97
293,21
363,143
379,22
391,68
394,42
421,188
575,196
655,143
668,31
687,97
696,246
696,203
736,187
765,182
808,78
854,217
880,182
890,123
924,132
926,150
954,132
45,182
166,215
203,12
212,93
259,204
271,132
292,59
329,106
409,291
421,182
426,67
430,176
435,12
443,134
467,109
502,42
553,107
555,143
597,143
625,107
626,97
631,97
659,152
706,243
748,182
769,220
773,290
811,143
820,243
903,139
911,243
952,93
56,34
92,114
99,93
145,12
164,182
176,184
178,187
209,106
236,219
243,162
251,248
268,261
285,97
295,217
344,132
378,143
409,182
420,143
432,241
441,182
442,187
475,182
561,182
599,202
703,39
707,189
707,34
754,143
768,143
776,182
816,123
818,16
830,204
870,12
877,243
921,291
946,24
960,143
965,152
27,73
32,106
47,123
61,1
64,187
222,123
262,34
316,12
398,132
441,59
490,243
588,157
641,182
681,80
694,93
702,42
821,166
883,187
896,166
899,134
906,247
956,34
960,78
971,97
17,34
70,95
96,42
124,106
141,243
161,34
264,133
291,121
304,246
333,23
360,42
386,68
405,143
417,247
444,76
485,97
515,97
532,16
618,257
623,182
629,35
649,247
666,246
671,107
732,291
737,158
740,68
767,93
798,182
841,166
844,204
882,249
901,34
910,283
930,106
970,135
385,48
37,143
61,42
70,246
73,34
75,152
151,291
172,182
199,97
251,157
261,68
291,102
322,68
343,166
345,120
363,243
377,93
431,182
444,132
447,182
459,97
482,42
510,246
517,107
582,143
594,243
598,106
636,182
644,79
665,151
670,134
683,246
743,118
760,161
858,291
887,98
887,253
893,118
903,97
941,243
966,182
970,291
994,118
3,42
18,187
84,273
110,243
170,76
205,143
233,182
261,209
267,83
269,143
274,184
277,209
282,246
304,286
333,93
348,182
349,42
444,97
449,231
451,68
452,211
454,170
477,97
528,267
531,143
644,121
667,59
711,204
729,68
732,135
741,77
779,73
790,59
811,132
856,68
891,42
899,68
900,97
905,42
907,217
947,128
34,114
65,93
76,76
177,68
184,132
185,12
230,247
261,21
287,38
320,59
332,243
381,215
384,97
396,93
401,107
402,204
412,42
412,279
456,154
474,23
483,182
558,108
577,182
585,274
589,83
636,42
731,246
777,96
779,291
797,144
828,143
830,236
851,67
879,12
890,182
907,67
912,12
942,106
975,231
10,243
26,182
78,78
83,217
92,190
130,157
138,217
155,278
210,243
228,243
229,118
247,93
269,182
303,143
309,182
311,235
339,55
342,182
360,247
362,73
399,107
529,3
548,59
560,182
565,172
580,157
661,251
662,42
666,118
699,195
747,42
763,291
780,78
850,42
870,125
876,97
914,97
934,184
593,0
32,12
41,93
51,187
142,209
157,12
208,132
240,248
259,144
262,204
275,276
385,166
425,107
438,44
443,143
445,16
513,243
516,23
594,182
603,166
611,246
620,34
625,236
751,203
756,188
774,166
779,174
824,182
825,121
978,68
980,42
79,68
80,216
131,42
134,187
135,121
187,141
224,93
227,243
233,59
239,12
249,143
397,182
504,187
522,215
539,291
570,60
573,182
628,157
652,288
653,157
667,166
740,154
742,36
819,182
832,59
843,252
874,21
33,23
38,21
48,34
50,209
115,143
158,97
171,118
211,107
252,246
265,97
276,97
295,34
328,247
373,106
381,216
403,21
412,172
416,182
420,215
509,90
561,216
616,48
619,34
672,278
743,182
747,237
759,23
791,93
832,144
860,59
872,93
880,247
895,246
981,247
8,22
15,91
51,143
75,93
104,125
201,187
207,107
207,182
213,12
235,107
242,1
345,132
350,274
372,93
386,97
423,166
491,68
550,268
568,144
609,216
635,196
704,86
749,107
769,187
784,68
792,144
823,121
855,182
900,243
962,93
3,158
149,107
159,184
222,182
224,246
230,182
242,158
284,206
320,182
330,143
406,182
441,93
481,119
483,166
508,202
553,182
557,132
611,68
612,35
628,243
634,151
643,73
645,76
650,59
653,42
661,97
673,123
694,246
694,182
725,7
725,21
773,280
773,168
928,97
932,97
949,103
989,143
17,182
50,243
76,91
83,34
127,132
138,182
168,107
213,216
269,228
284,246
311,274
327,93
340,151
343,134
355,68
377,12
390,257
452,247
474,255
495,132
505,196
509,102
514,67
563,68
563,42
610,163
615,207
625,163
628,182
634,246
669,21
695,182
731,291
738,236
887,102
905,236
911,247
920,93
8,188
59,97
101,188
182,191
196,246
215,172
284,182
311,97
335,25
359,76
396,107
404,144
448,204
470,188
476,246
493,73
527,39
553,217
606,145
630,217
660,142
717,76
745,203
766,68
830,35
848,34
856,243
896,97
907,246
917,283
920,107
940,23
3,48
34,274
46,151
64,188
65,107
77,93
80,188
112,16
173,215
189,93
260,68
271,97
280,292
327,246
369,42
417,291
435,48
480,23
503,182
508,143
535,132
539,182
546,46
546,31
566,21
719,158
757,246
765,118
778,152
795,34
844,292
862,22
874,157
913,291
953,93
957,90
958,275
975,143
10,202
41,114
42,274
50,248
86,182
105,166
140,246
166,195
175,257
220,96
239,97
263,275
300,12
341,16
367,132
404,182
470,107
510,157
536,93
538,166
582,215
593,91
615,166
745,223
790,166
815,182
821,182
859,106
878,93
897,202
899,97
943,42
989,12
10,182
68,246
89,182
96,114
132,73
151,248
223,143
234,180
258,12
268,182
290,276
354,144
358,42
454,21
504,93
511,202
528,217
620,176
667,182
678,162
678,204
715,73
720,97
757,182
775,150
780,279
789,18
802,118
840,83
845,89
871,23
930,59
986,12
16,16
23,182
38,97
43,42
49,83
102,143
147,68
170,187
178,118
210,143
282,291
365,34
408,12
472,106
488,34
493,182
497,166
519,42
536,187
545,21
545,71
549,147
617,34
622,112
622,292
785,217
810,16
813,204
863,143
898,62
925,132
969,216
983,107
12,34
22,132
71,122
79,143
103,188
167,34
179,202
242,48
272,12
290,191
317,249
318,12
325,45
328,68
338,59
374,68
379,137
382,246
398,143
442,247
485,68
488,182
508,243
530,34
551,162
577,204
624,102
629,107
638,96
656,176
664,280
677,276
693,34
700,107
721,33
795,182
811,291
824,80
901,203
909,93
936,182
963,137
972,182
996,21
102,123
344,97
361,97
371,34
428,182
529,23
544,96
551,18
568,182
579,107
587,121
607,68
628,93
636,23
648,62
656,182
716,180
753,246
782,243
782,272
784,143
797,34
797,12
804,209
805,34
818,182
825,68
896,144
900,132
934,12
951,158
985,152
71,182
85,68
107,130
142,21
151,4
173,283
181,291
182,215
205,243
217,204
220,65
232,291
236,34
298,48
352,23
380,72
387,68
401,204
429,142
538,106
576,154
588,103
615,106
634,182
672,152
725,172
730,90
757,34
793,263
822,247
839,68
847,199
906,182
923,182
930,1
956,203
964,22
992,83
997,188
652,13
53,152
117,240
122,97
128,48
160,202
163,259
169,246
174,48
236,18
310,247
334,158
357,246
378,61
392,182
394,68
434,246
467,152
473,107
522,132
563,23
609,123
632,143
722,203
732,73
734,93
762,59
796,118
801,216
824,272
862,201
870,18
913,23
919,93
936,163
983,182
991,166
19,132
23,217
76,68
79,132
124,182
124,59
131,273
154,182
189,107
226,130
262,289
267,143
312,275
377,182
404,166
417,107
434,189
454,246
454,103
527,191
550,182
610,23
622,78
659,97
669,209
808,42
845,12
863,102
941,132
42,22
64,182
76,62
145,93
189,109
259,248
271,215
310,107
385,223
402,21
450,182
493,246
521,48
529,107
652,68
658,18
676,73
691,152
713,93
727,166
730,102
735,202
748,187
750,218
763,93
817,243
875,68
880,246
912,246
916,34
921,246
956,118
970,107
44,188
89,204
100,254
115,132
149,182
172,246
194,182
248,12
326,134
388,182
402,209
481,175
487,182
501,48
513,204
525,182
541,93
633,93
668,132
709,144
710,21
760,97
806,92
834,42
846,263
869,134
911,182
927,83
930,48
955,243
980,178
991,217
3,59
10,132
56,54
129,243
157,215
240,182
252,16
269,132
273,132
274,215
285,132
299,106
315,12
330,215
343,123
403,97
420,34
427,68
491,147
492,16
515,252
551,12
560,187
629,182
714,126
739,106
794,202
815,217
840,132
863,96
872,107
920,187
940,268
956,182
29,158
31,215
91,18
97,78
109,25
129,161
131,97
146,166
148,97
162,106
174,144
194,176
205,68
230,135
295,182
311,249
311,42
314,125
350,97
362,246
386,12
432,96
469,236
495,246
538,223
598,73
631,275
707,67
709,59
876,132
906,93
917,68
64,93
157,292
165,182
168,291
224,187
252,151
354,166
412,78
484,157
516,135
524,243
539,73
542,215
630,34
653,93
681,172
713,23
743,34
829,248
885,143
949,209
957,166
11,102
45,291
54,42
119,107
134,246
143,97
201,42
234,243
319,246
404,25
436,280
454,243
459,278
492,12
492,132
499,152
603,34
669,68
672,83
689,246
722,182
785,67
808,115
819,19
939,182
26,291
41,122
57,143
69,292
139,182
209,55
216,182
222,243
254,157
261,97
267,68
281,34
286,157
335,144
362,60
384,292
386,248
520,182
543,188
572,209
598,182
641,73
695,248
698,97
717,42
746,134
857,106
912,291
927,97
931,182
931,68
957,42
992,130
12,243
73,217
100,34
133,182
147,182
198,275
287,107
340,182
344,21
347,132
393,291
395,276
400,67
438,182
445,182
471,97
479,68
491,130
500,68
508,68
559,291
575,34
601,93
664,182
675,59
676,143
735,291
761,202
779,34
836,184
867,74
891,59
909,247
910,97
982,21
983,35
988,34
989,215
68,143
72,187
75,107
104,182
164,93
254,202
288,217
313,182
391,48
420,132
425,21
457,187
484,123
506,68
508,97
522,290
539,34
558,97
612,107
644,172
702,111
715,182
742,97
749,109
758,107
758,68
762,182
779,118
791,68
807,198
823,21
825,102
832,97
873,182
967,182
979,132
989,292
6,215
8,187
46,217
49,68
49,134
97,257
99,122
102,182
110,157
177,223
215,78
233,68
248,176
282,77
307,176
314,182
322,62
335,182
369,247
386,48
415,182
458,196
515,143
518,187
542,68
564,68
565,252
603,12
618,215
659,143
662,182
885,218
937,182
948,143
967,106
981,291
7,21
22,12
26,170
42,180
48,215
51,182
77,246
82,107
82,34
127,206
138,107
139,291
143,248
159,225
201,291
233,48
241,93
305,48
332,42
363,202
370,154
408,99
416,246
445,125
461,73
497,234
501,91
523,34
533,182
604,68
649,172
653,247
682,143
686,243
727,151
863,13
866,182
879,204
880,34
888,12
888,176
898,143
910,68
915,243
961,144
18,247
73,246
105,223
129,97
171,42
186,56
204,118
264,125
298,59
341,154
388,180
399,182
469,182
518,42
519,182
522,184
584,118
614,180
630,118
654,182
671,187
673,217
677,182
677,12
887,68
898,150
916,97
929,76
944,154
991,182
994,182
96,182
115,254
158,184
250,96
300,118
381,132
429,133
443,264
528,243
532,93
596,144
603,247
617,276
662,3
680,86
703,119
707,204
722,217
738,34
744,83
744,143
793,34
845,114
911,166
972,3
24,286
31,143
57,83
93,97
98,206
158,12
169,67
171,34
188,83
191,16
211,93
226,147
267,87
276,143
307,251
314,154
321,190
330,12
338,110
350,68
355,93
441,158
512,16
541,187
602,42
603,182
624,149
638,21
641,291
653,246
674,23
679,97
694,188
733,93
780,42
790,106
828,132
834,86
835,144
859,246
865,182
868,193
904,123
908,68
936,206
948,132
14,182
66,97
172,280
179,157
218,93
237,78
267,132
285,106
344,34
349,274
372,157
455,243
472,246
475,150
476,152
520,236
549,209
623,291
625,69
631,52
677,118
699,96
711,182
724,206
763,42
802,176
808,160
812,215
814,73
839,21
924,68
972,236
990,18
8,93
39,134
101,107
107,21
160,21
199,143
205,147
262,68
276,76
277,80
310,248
317,21
341,93
358,203
392,109
422,68
451,42
456,172
534,3
535,68
541,247
564,246
578,68
632,291
647,223
652,96
709,25
720,21
731,73
756,93
786,143
795,219
806,83
862,187
876,291
931,143
23,263
31,68
53,52
68,132
121,107
194,34
271,246
292,243
302,243
475,63
538,246
562,21
602,243
655,150
728,246
744,97
774,93
852,12
871,246
910,143
915,68
928,68
938,67
972,107
998,42
1,118
20,209
29,154
53,9
76,86
95,68
163,68
188,97
195,97
217,166
225,202
281,182
314,16
329,204
334,144
357,97
358,246
359,38
377,16
397,217
405,243
434,151
436,68
480,107
526,246
550,107
571,182
605,249
635,93
759,250
774,97
804,42
808,271
818,18
855,157
871,182
911,157
996,209
25,182
87,254
119,187
137,118
149,187
155,157
165,93
165,166
187,166
198,91
200,42
206,257
212,219
214,132
216,157
263,182
304,72
309,202
313,203
323,209
376,291
384,116
400,34
444,106
506,182
509,68
555,166
621,176
646,249
654,67
654,217
774,132
857,204
897,93
901,118
942,166
968,118
982,182
28,12
42,215
47,276
112,91
143,12
168,8
192,247
196,93
235,236
237,83
246,48
322,202
326,143
376,97
392,188
408,106
419,97
453,121
459,83
545,254
549,243
629,3
708,1
739,97
806,102
812,132
817,215
843,0
866,93
949,143
965,23
980,271
93,143
97,119
106,48
123,23
146,25
181,42
206,96
306,34
367,31
399,187
474,206
506,280
521,158
527,185
547,175
554,22
581,147
584,18
594,70
623,223
674,182
740,97
750,132
751,217
752,243
763,217
872,42
896,106
903,278
922,166
954,97
991,93
992,97
133,74
2,73
56,217
140,118
151,132
177,182
182,143
227,12
229,132
255,202
295,93
308,217
337,21
388,204
417,42
446,144
479,106
514,263
518,182
566,254
572,68
576,12
581,291
591,23
593,68
606,119
613,246
621,118
675,144
686,21
692,34
700,182
719,182
740,243
828,97
843,254
852,274
905,107
924,184
950,42
958,68
998,97
654,42
20,291
39,264
134,68
146,48
160,150
190,106
195,68
297,97
302,129
406,187
428,217
442,246
444,248
585,176
585,42
587,78
598,42
614,68
633,182
745,123
798,143
899,252
902,246
921,73
975,97
123,182
137,276
190,247
241,157
260,12
270,96
278,34
354,106
405,184
418,12
459,132
487,291
513,68
532,154
565,42
566,182
573,144
610,69
636,247
651,268
678,99
687,202
750,97
819,93
827,151
902,68
947,256
42,12
54,34
66,12
67,246
145,182
149,202
168,34
197,97
205,34
219,243
230,118
327,206
361,12
387,216
471,76
475,202
479,182
501,59
555,68
560,220
564,291
582,97
614,204
681,102
756,107
810,142
834,246
852,97
900,215
908,187
19,143
46,107
49,182
66,246
129,12
139,166
197,291
246,12
253,118
253,151
266,198
283,187
294,243
296,147
309,143
310,42
380,187
392,107
395,172
422,182
587,68
590,107
649,96
653,182
675,158
698,243
784,97
831,59
858,73
863,202
864,59
879,133
895,34
916,166
923,210
955,12
959,244
977,107
986,158
997,236
7,143
35,21
36,254
55,202
96,249
119,182
136,5
139,223
172,42
193,284
241,243
246,106
302,68
320,48
346,9
372,182
373,246
385,68
390,143
393,23
415,132
432,250
435,97
440,254
490,34
517,93
544,209
556,107
575,182
584,12
639,144
661,143
661,190
705,175
724,246
837,182
841,106
926,143
971,243
974,243
104,12
109,42
114,133
118,106
128,182
138,34
182,97
236,93
244,96
317,12
323,5
357,68
393,236
395,78
463,254
473,93
539,174
552,93
558,243
565,121
593,243
606,257
645,97
647,93
674,246
684,107
743,246
776,188
817,21
856,215
886,143
921,118
945,121
998,137
14,247
58,93
74,122
124,48
150,182
198,157
221,21
224,97
244,282
245,206
279,182
293,143
367,97
368,182
430,93
431,74
436,275
454,97
483,59
540,257
540,104
546,68
554,143
557,184
586,107
590,114
595,96
616,223
624,201
644,83
688,291
724,73
742,246
878,107
948,21
994,176
33,42
34,249
41,182
45,61
126,99
154,132
216,243
229,12
260,97
265,91
270,102
280,21
291,21
321,143
448,236
509,48
521,182
534,268
548,182
579,34
613,93
622,121
636,3
637,34
657,182
661,243
667,48
693,12
736,182
795,118
804,206
806,68
880,93
890,143
893,42
961,141
46,182
58,243
106,25
111,143
187,144
189,182
239,243
254,91
259,59
348,21
448,182
458,182
462,3
484,166
546,260
556,219
581,97
586,236
604,247
632,132
639,59
647,182
670,218
683,217
715,42
724,182
735,143
744,68
754,182
767,158
816,204
835,182
848,182
871,73
893,291
903,181
966,55
2,291
53,157
59,132
87,42
153,250
184,157
244,89
288,67
292,70
339,182
359,86
382,93
405,215
408,224
409,246
421,42
463,209
523,182
569,66
692,243
759,206
772,152
814,34
840,195
917,246
952,182
13,59
13,144
14,3
34,182
61,158
75,188
103,187
217,59
240,107
270,83
273,107
294,260
347,97
389,132
417,248
476,182
532,12
553,73
562,68
593,34
596,132
597,83
604,97
668,272
679,249
683,151
695,144
743,200
752,97
832,247
860,48
894,270
928,243
933,12
990,16
0,246
52,55
97,121
100,246
112,182
141,68
159,157
195,202
267,97
312,248
322,182
334,182
341,125
416,19
433,97
439,118
480,55
531,182
539,246
556,67
569,78
602,143
608,107
676,132
712,107
730,78
775,202
783,192
785,93
824,5
826,166
845,182
941,215
971,274
985,150
38,246
38,151
47,17
160,93
167,107
176,143
183,12
244,172
246,144
268,68
336,132
342,21
458,107
565,170
595,119
617,68
710,182
739,42
781,42
793,217
806,232
816,166
825,137
886,202
949,132
985,182
4,31
47,191
60,144
72,247
98,135
187,97
190,166
204,174
213,291
218,182
273,35
291,42
315,224
340,217
380,100
393,86
395,257
401,236
416,275
423,34
438,179
518,107
537,227
582,132
589,278
612,42
658,99
726,94
787,291
790,97
802,34
817,68
829,42
835,42
869,182
917,216
965,3
25,107
35,182
43,246
47,182
91,182
111,182
113,193
136,254
171,182
179,247
254,76
279,188
289,97
376,215
495,247
497,143
513,209
567,188
585,12
601,243
609,223
658,125
763,182
798,202
825,279
849,133
905,188
922,34
945,76
982,157
7,134
11,83
12,166
12,68
16,204
51,93
67,93
99,3
130,246
148,269
155,182
159,132
357,216
362,182
378,68
386,132
492,68
493,291
504,24
539,118
567,152
673,68
677,274
701,143
707,246
719,68
749,93
775,132
790,291
904,223
948,215
952,34
956,246
969,97
969,143
970,204
3,182
60,166
71,291
77,157
193,18
306,182
378,97
400,219
405,68
551,99
566,55
573,59
614,12
628,63
660,12
665,246
693,180
696,182
802,166
833,283
835,48
869,243
896,48
913,107
948,243
974,166
977,243
983,204
698,34
33,182
50,68
88,204
125,144
154,174
195,243
211,182
229,176
250,157
302,107
303,132
329,12
343,218
474,73
480,42
581,143
648,275
693,243
719,43
727,217
731,42
755,48
775,243
779,246
780,121
797,224
801,143
803,143
836,143
945,39
10,184
21,182
27,132
77,19
140,291
140,34
161,217
175,13
186,42
199,132
265,12
279,107
290,215
298,182
346,91
410,182
438,18
581,68
583,144
596,91
598,223
620,182
669,215
671,120
729,176
781,107
837,225
847,204
849,182
851,217
906,68
925,236
955,290
957,48
26,55
27,157
59,202
108,182
112,125
121,44
148,292
203,243
226,97
226,83
244,121
266,143
272,118
323,42
368,236
422,76
426,263
509,42
518,236
566,0
651,219
652,143
715,291
716,42
718,187
726,96
734,188
776,107
776,187
799,97
822,107
830,182
859,223
972,34
972,122
842,3
62,291
66,79
85,97
107,34
132,8
156,59
174,110
191,154
213,42
234,42
273,182
297,243
449,26
460,97
480,86
492,154
499,67
510,183
531,246
536,247
637,93
687,143
711,246
716,257
733,42
753,16
755,243
766,180
828,257
834,97
850,35
884,182
951,42
977,216
13,48
20,68
41,34
55,34
69,276
101,247
128,12
252,217
269,215
275,182
279,93
325,68
333,247
349,26
389,182
468,107
515,228
517,217
517,67
571,23
588,143
592,143
605,97
633,247
648,68
695,59
727,182
797,125
823,22
870,42
932,91
933,249
995,246
46,34
98,182
126,121
144,243
148,143
154,246
156,106
159,182
221,187
244,21
264,16
287,182
295,196
296,246
315,142
325,97
328,243
351,6
392,247
422,247
435,207
437,34
439,212
453,137
493,135
499,293
530,291
561,25
592,166
624,78
630,151
674,68
726,155
755,143
839,42
858,182
865,246
889,217
918,12
948,12
9,252
53,182
55,52
62,263
73,293
91,268
92,97
93,243
127,246
144,202
154,53
173,143
177,42
229,182
237,119
257,143
286,243
387,97
419,248
421,93
443,132
446,48
455,138
483,144
541,107
544,121
557,243
580,52
583,42
597,21
621,42
642,12
660,224
685,64
724,93
745,182
770,191
791,254
801,68
813,154
855,243
880,205
897,182
941,12
944,97
2,223
2,182
9,41
49,184
89,42
90,34
95,97
113,204
150,265
172,188
444,166
502,246
503,143
537,182
586,247
591,42
620,118
668,68
688,106
690,254
710,157
714,78
733,16
738,3
796,236
903,175
909,236
918,180
979,143
512,67
19,157
29,76
74,182
79,97
114,142
146,59
192,182
221,68
285,68
345,143
366,248
438,236
439,176
481,68
485,243
540,84
541,182
548,34
570,246
585,118
591,183
623,166
650,182
684,247
702,102
706,114
724,68
737,144
780,292
838,121
872,182
895,182
35,289
94,21
105,68
111,150
135,247
161,246
165,236
233,183
237,79
310,291
382,188
452,246
468,187
502,34
505,182
571,250
586,93
600,121
633,158
663,215
750,134
762,12
787,34
861,97
971,93
47,248
55,182
114,12
136,42
151,143
152,107
182,68
234,34
331,73
440,182
441,106
446,12
463,21
491,143
501,144
504,182
512,246
595,278
600,172
662,35
688,118
702,76
793,118
807,17
823,102
831,247
845,249
869,34
886,132
907,151
980,78
985,202
760,68
48,64
152,73
250,175
265,106
271,143
277,21
299,158
374,9
400,263
407,243
408,182
457,68
464,132
496,42
498,107
518,188
564,97
591,182
599,68
679,276
691,85
697,187
737,182
750,68
769,188
840,143
927,215
982,132
988,157
144,68
0,182
5,132
20,97
28,215
47,202
147,246
158,215
265,48
271,12
361,132
379,172
396,42
399,93
410,34
431,19
448,42
468,247
480,182
488,21
497,215
499,34
510,187
531,151
610,236
626,34
651,44
673,246
720,216
725,78
746,97
775,143
809,97
814,246
839,64
854,118
908,188
927,132
930,42
965,182
973,247
986,34
14,107
94,255
109,144
166,243
209,248
244,102
320,158
330,269
429,97
477,184
481,246
519,23
581,73
608,67
617,176
627,151
643,97
681,68
692,107
748,188
798,34
805,107
805,93
821,25
830,107
881,246
4,243
20,243
42,199
44,182
70,181
74,93
76,182
86,176
98,73
116,275
122,143
126,279
176,157
193,204
202,182
218,236
250,95
278,93
282,42
362,118
454,166
505,217
517,34
534,34
640,152
686,0
736,107
745,217
800,202
811,184
884,159
889,34
990,12
1,203
11,68
12,123
30,42
52,42
66,204
74,236
120,223
121,268
171,122
243,106
251,246
316,55
353,182
366,93
369,182
371,182
414,125
418,93
424,118
455,93
573,25
608,93
657,143
686,143
699,102
729,188
765,34
772,246
800,182
829,144
888,154
895,73
918,199
973,3
976,68
985,9
0,254
34,118
69,257
83,107
84,118
103,42
108,175
136,182
137,182
153,206
164,243
184,218
245,23
248,118
317,42
363,68
402,182
413,223
424,67
443,182
467,93
500,215
525,246
588,132
614,97
635,67
648,143
700,23
704,182
743,263
756,247
771,203
789,219
807,182
829,25
853,190
867,175
885,252
936,60
950,182
968,217
974,68
4,97
84,34
87,68
91,107
101,152
125,166
153,182
168,73
178,291
187,247
277,5
323,254
347,228
352,182
406,6
416,68
474,246
529,35
530,174
533,25
540,192
559,106
609,182
621,47
694,68
751,182
790,144
900,143
924,97
929,86
975,228
995,182
12,106
26,107
43,250
58,34
121,219
186,263
223,243
228,132
230,73
255,68
255,243
278,8
333,187
340,67
417,61
441,12
475,143
552,247
569,229
579,93
595,275
705,191
715,118
742,132
758,187
787,182
805,67
823,14
836,228
842,219
903,79
968,67
997,247
32,166
64,246
137,42
141,246
160,97
181,118
202,243
233,42
281,247
286,123
296,130
328,93
407,247
517,182
535,23
560,93
577,3
632,157
685,246
693,204
698,120
718,182
766,154
792,59
871,206
916,180
922,217
989,180
11,278
32,144
57,132
63,182
89,106
103,93
108,76
122,21
129,215
149,93
174,158
187,106
213,246
254,182
261,243
301,157
326,243
364,107
371,263
415,166
423,217
484,248
491,132
506,275
510,143
547,244
596,166
689,182
696,118
722,223
745,246
770,204
812,288
856,132
875,243
883,30
893,73
909,187
978,202
119,188
208,204
268,72
270,241
278,182
308,166
342,254
376,12
428,68
521,106
555,204
596,173
619,273
635,34
636,35
646,23
714,271
736,236
769,93
810,182
813,16
853,182
856,97
885,68
890,157
895,247
937,157
962,182
976,182
19,182
27,182
28,76
49,74
53,202
94,291
120,246
152,34
183,182
190,59
254,143
266,17
307,12
335,42
338,166
342,68
353,25
365,12
370,16
392,93
427,195
531,223
547,68
548,106
592,106
594,261
639,166
688,248
702,233
726,21
781,188
791,188
820,97
831,243
857,182
883,22
885,132
897,274
904,246
907,263
916,91
939,34
941,97
970,247
989,132
404,42
65,68
69,204
79,12
82,93
82,217
101,93
137,12
175,182
179,184
205,97
243,15
293,68
389,228
394,21
409,42
488,134
499,217
511,176
545,247
558,42
569,257
659,68
675,48
678,125
718,93
723,175
752,42
782,143
809,275
838,202
864,12
887,278
892,152
897,143
945,183
966,246
988,243
22,215
23,200
141,152
202,143
253,246
331,182
378,248
451,28
469,93
482,291
486,152
509,166
515,243
515,132
579,217
597,254
613,42
726,121
777,57
822,42
834,243
838,288
865,44
891,93
916,12
928,143
959,279
16,182
21,144
29,182
52,206
70,175
75,247
151,97
152,122
256,134
275,68
293,182
320,68
324,236
325,175
349,204
373,12
393,107
414,93
431,68
442,22
452,291
483,106
504,246
529,182
538,203
562,143
567,109
580,243
634,34
643,132
666,34
789,182
796,217
816,97
827,217
835,59
843,21
848,12
874,34
978,182
4,272
90,184
124,42
139,106
175,278
177,166
180,12
180,204
188,73
197,132
245,42
258,182
295,107
302,21
314,180
316,97
327,182
374,76
377,204
456,34
475,62
477,108
491,83
505,34
506,22
511,187
525,291
540,146
545,182
549,182
616,166
622,137
643,143
648,34
677,176
755,166
810,133
831,97
836,157
843,34
901,246
903,6
908,93
933,114
983,42
33,35
50,97
52,73
55,74
99,107
132,42
176,243
184,134
215,279
281,107
301,143
316,204
395,121
416,280
458,93
471,204
478,280
482,246
493,118
494,107
502,174
524,55
530,182
562,243
607,274
615,68
708,157
713,291
741,215
757,73
788,195
801,132
951,182
8,182
16,42
108,42
144,97
165,34
179,143
191,182
193,154
197,184
198,182
245,246
274,243
305,97
342,93
369,35
384,160
404,12
413,182
430,202
450,220
464,76
469,23
481,278
533,166
537,247
661,68
666,263
695,158
767,188
769,34
789,34
854,166
868,246
884,188
910,243
922,182
939,291
975,132
13,97
32,59
93,132
95,59
138,93
163,242
173,216
185,132
220,131
287,247
308,107
315,18
353,204
367,83
420,130
438,268
460,143
490,217
521,68
551,144
578,32
583,59
593,97
603,118
604,93
621,166
723,202
827,203
859,166
878,122
887,51
889,203
986,59
37,182
64,157
110,187
161,182
164,188
168,93
196,205
196,182
221,243
253,182
332,236
332,23
337,42
365,97
365,132
375,182
389,157
451,180
514,189
533,144
537,7
547,96
607,188
649,121
664,68
696,34
700,35
764,97
799,34
825,78
826,59
869,157
900,216
909,68
925,67
932,68
957,102
968,263
31,34
48,68
91,93
105,182
110,182
133,68
180,154
200,206
232,215
275,12
330,161
373,166
447,197
494,67
520,188
618,180
647,68
649,45
662,107
733,246
847,42
908,176
926,202
933,118
946,86
948,97
982,143
983,3
8,246
21,166
21,91
33,3
45,107
65,236
83,236
95,12
110,22
148,132
165,122
382,68
427,146
450,157
492,261
556,263
578,95
579,196
583,25
642,97
651,34
655,157
664,19
721,193
782,247
792,106
885,97
892,42
893,246
988,182
996,68
19,184
132,291
140,247
142,68
150,107
232,73
269,191
303,68
316,34
328,97
343,243
356,143
387,243
418,132
473,8
505,118
542,97
552,107
558,12
588,243
631,120
641,118
652,172
721,143
734,182
774,12
794,68
813,42
875,97
877,209
923,243
958,97
87,246
93,68
107,182
122,68
162,144
191,42
207,42
301,182
304,187
346,62
348,254
360,106
432,83
437,9
441,34
570,263
589,79
591,246
632,195
682,93
695,48
697,247
728,97
733,73
756,152
759,163
827,223
861,34
873,42
873,122
874,243
891,158
962,223
970,23
973,107
87,41
40,122
123,68
123,35
173,132
181,135
223,42
243,144
250,83
262,21
318,213
407,21
463,132
464,215
466,143
466,243
479,203
501,166
557,157
594,34
606,96
627,107
670,97
680,12
685,291
706,132
744,132
747,239
761,243
762,34
769,182
792,97
819,68
852,68
863,195
866,188
868,33
882,182
886,68
897,132
899,143
943,144
955,215
998,12
6,180
17,291
72,188
94,106
104,16
150,159
209,291
214,182
242,182
245,182
277,182
291,209
294,68
312,157
355,187
360,166
368,204
377,154
403,106
420,97
500,184
512,151
523,107
576,97
592,132
686,132
703,172
708,182
714,287
786,78
829,59
882,114
939,118
959,185
979,202
11,40
111,62
118,97
135,156
146,42
174,59
228,143
258,204
297,123
313,107
315,99
321,132
348,0
357,247
367,143
437,62
450,187
506,19
537,254
549,130
616,106
622,108
651,236
655,243
732,182
765,276
784,87
788,68
803,182
815,34
821,132
847,22
849,12
868,83
960,172
971,68
986,182
992,143
16,125
85,21
107,209
134,188
183,154
194,118
220,155
232,97
235,247
247,152
250,6
280,262
283,202
290,97
307,182
335,166
349,12
394,97
470,247
507,68
520,247
544,155
557,21
582,243
599,80
624,36
631,143
643,228
667,144
735,132
766,16
776,236
781,236
783,96
805,151
879,16
941,68
6,292
6,274
97,172
118,48
161,60
177,123
178,182
204,182
248,276
289,132
298,106
300,176
327,42
382,76
415,144
498,182
502,182
536,107
651,182
698,21
701,42
709,182
726,239
738,219
792,37
842,118
862,182
902,282
946,277
947,119
9,182
36,209
62,217
109,110
119,6
162,158
212,182
218,3
227,97
234,166
279,187
303,291
344,243
348,55
383,93
398,68
424,217
456,278
497,246
523,151
542,77
575,93
601,34
630,182
665,135
684,122
723,157
729,97
732,246
755,21
821,48
840,291
847,97
850,23
853,45
862,68
894,21
934,132
960,108
25,236
36,68
36,5
43,182
61,59
104,99
129,269
164,21
232,34
249,68
263,52
276,132
315,34
325,215
336,291
356,76
375,42
406,181
407,34
410,93
450,183
486,107
489,21
505,246
512,263
519,107
544,108
568,25
584,176
586,42
646,182
675,42
685,97
753,151
766,204
804,182
828,68
834,76
840,68
852,93
889,182
924,76
956,217
54,12
62,246
82,182
85,249
170,93
190,97
211,236
243,182
288,246
346,202
354,48
363,270
410,107
449,182
484,182
494,182
502,118
543,93
547,245
669,34
674,206
678,18
712,152
717,86
761,143
781,93
795,18
797,99
853,254
859,42
942,182
968,151
984,187
990,154
67,67
118,144
147,248
178,73
180,93
203,68
247,109
254,52
259,166
279,6
299,144
313,34
352,107
359,182
489,182
564,93
685,49
690,143
731,182
741,21
799,12
800,157
841,48
864,204
873,3
888,42
900,12
927,292
934,97
4,143
57,274
66,68
103,236
107,0
121,182
195,242
200,248
224,247
281,236
287,93
306,107
335,48
345,97
353,42
380,76
381,97
383,21
418,143
529,204
534,122
557,182
605,12
672,102
685,216
719,1
723,182
734,247
753,204
772,157
775,63
777,2
788,182
807,258
810,12
812,12
860,182
923,0
937,184
944,180
988,252
14,42
17,8
55,68
92,21
129,68
231,68
238,97
274,68
277,254
289,12
305,166
331,34
391,182
489,204
586,187
645,73
655,182
665,182
688,246
716,204
741,161
757,291
767,187
770,97
777,102
794,118
846,217
851,34
855,143
922,107
933,176
946,89
959,172
984,182
39,68
51,107
85,114
126,257
138,263
200,246
243,166
286,182
288,151
326,21
359,42
369,23
385,106
419,68
449,157
483,223
526,34
595,227
611,42
659,220
663,12
751,223
771,118
779,182
813,182
815,73
844,243
856,12
914,143
926,34
953,187
982,243
986,93
987,176
988,193
994,174
34,42
166,143
189,188
226,48
229,174
272,174
313,236
350,215
364,6
373,93
414,12
437,91
465,182
466,45
472,166
495,182
543,21
614,132
619,76
623,144
646,206
704,42
738,122
794,188
819,280
826,291
930,182
940,182
958,132
30,188
36,182
72,107
116,246
120,106
167,93
275,118
304,186
324,118
384,45
437,182
470,182
531,123
533,42
535,246
566,34
590,42
601,107
602,272
611,206
618,276
654,236
657,62
679,204
711,106
730,48
767,182
771,151
836,182
837,143
851,182
865,204
874,143
913,67
935,152
935,249
972,93
63,54
138,151
143,162
209,246
263,157
336,97
357,132
360,223
372,143
375,144
396,248
425,182
453,22
466,97
495,157
556,217
561,283
627,217
628,202
755,193
761,183
767,59
773,19
818,99
826,48
839,182
865,67
882,42
913,248
944,91
946,182
968,246
979,182
980,257
993,182
766,12
67,182
116,182
135,108
175,119
188,202
194,188
245,68
278,291
298,93
301,132
356,184
398,209
433,42
453,78
453,172
547,102
551,16
558,132
600,279
604,22
610,97
815,291
824,209
873,93
892,8
899,243
905,93
954,184
963,279
987,154
78,247
96,12
142,182
165,107
248,182
280,182
280,243
283,118
294,143
316,246
426,34
488,157
552,236
597,182
608,182
635,217
648,182
706,252
710,187
721,68
723,143
747,155
754,157
783,145
803,183
807,143
869,143
878,182
879,18
899,218
920,247
936,204
975,68
24,68
30,68
132,34
158,68
163,97
167,73
191,12
214,157
225,243
235,3
240,93
257,31
282,97
316,291
323,34
328,187
336,73
367,68
379,78
400,107
412,292
426,217
428,246
450,246
494,42
507,175
577,42
599,172
611,23
612,23
640,143
711,217
729,93
757,118
849,204
881,68
892,109
893,247
897,157
959,121
964,246
987,182
1,151
11,78
27,195
54,249
105,42
215,68
303,97
351,97
364,187
389,26
469,107
520,187
565,78
602,247
674,86
800,150
801,76
921,42
938,166
944,93
950,3
957,21
964,19
969,183
979,157
979,21
14,23
69,137
79,76
109,182
112,204
131,243
146,144
152,42
184,182
219,246
241,182
296,216
318,182
345,34
363,97
378,132
398,97
402,42
429,125
525,73
640,74
640,246
642,215
653,187
738,118
768,68
799,21
848,101
881,93
894,97
934,143
969,246
30,93
128,118
155,175
235,182
256,243
260,215
268,290
273,247
290,257
390,96
393,76
402,5
418,97
485,180
541,188
557,143
575,217
577,23
583,166
600,78
647,291
711,223
725,121
743,217
750,143
827,182
849,125
951,106
990,182
993,246
1,217
15,182
22,68
66,278
73,151
216,184
221,97
255,182
269,157
289,204
319,217
321,97
322,9
375,166
391,166
409,223
431,76
439,275
445,18
465,151
535,182
536,188
543,187
567,107
567,93
571,206
595,13
612,182
617,118
619,12
626,187
643,120
705,254
712,109
721,132
734,6
735,182
737,42
808,102
846,34
871,255
888,16
955,97
974,33
21,247
30,243
56,219
86,16
99,247
167,42
191,204
276,106
324,73
341,12
348,34
352,42
376,246
448,93
466,68
467,107
498,114
561,48
573,42
598,246
624,271
675,106
681,78
703,79
716,12
729,246
783,79
784,120
841,97
851,151
863,68
944,204
947,6
952,151
954,76
960,42
976,209
993,226
31,97
91,42
109,166
127,68
145,16
208,93
229,274
235,38
236,268
262,254
287,236
290,132
306,18
324,34
347,83
349,97
359,23
380,182
418,246
429,154
437,68
471,12
507,182
519,236
530,118
570,118
582,68
584,182
601,182
611,248
637,196
644,279
650,48
689,114
787,73
806,27
811,97
874,264
941,114
966,34
981,73
7,68
16,12
16,18
40,107
72,182
79,215
102,223
135,78
153,42
163,243
272,182
306,219
308,182
319,174
334,106
334,1
351,40
370,125
435,132
517,151
526,236
526,122
583,48
591,68
633,187
642,154
645,143
701,186
704,76
788,42
788,246
816,170
822,182
904,291
935,107
945,172
2,135
8,157
60,59
70,6
71,107
80,12
92,249
100,182
132,118
166,68
183,93
201,182
258,125
265,248
278,73
308,67
345,68
346,68
364,188
403,132
452,217
518,93
537,68
562,202
577,107
600,68
637,182
641,202
644,119
731,16
749,182
804,23
822,291
865,268
876,68
896,59
924,86
0,55
24,275
63,67
70,97
87,182
158,143
159,243
162,48
203,215
223,21
247,182
252,67
282,73
305,106
354,37
371,118
381,49
385,246
430,274
462,35
488,243
545,246
563,182
657,34
696,151
718,6
747,96
758,247
784,83
798,157
823,78
839,254
841,144
867,246
875,21
881,42
883,188
885,134
896,12
911,272
920,182
938,217
963,68
21,110
43,68
68,49
81,143
108,86
135,102
154,93
186,217
214,31
286,34
303,246
358,217
367,272
413,166
419,243
433,247
435,68
472,223
554,247
554,243
609,143
642,91
673,182
680,132
720,68
749,152
772,243
773,182
841,37
846,151
866,243
901,196
928,21
942,34
959,78
978,9
5,68
57,97
95,106
113,21
208,18
219,97
227,204
233,158
296,143
325,21
331,291
332,21
347,272
387,132
400,204
443,243
455,22
477,132
482,16
490,182
491,97
510,247
523,93
543,182
551,106
555,97
578,175
580,182
590,93
592,97
618,12
622,172
641,68
660,34
673,223
676,97
692,93
833,246
854,34
905,187
13,166
36,21
37,68
41,107
68,68
136,21
141,143
225,143
277,93
295,263
306,236
326,42
439,182
468,76
486,129
489,93
521,59
538,217
541,236
589,246
590,34
656,274
690,278
693,21
723,246
756,109
782,68
805,182
836,132
860,42
861,154
877,68
18,107
25,42
58,236
114,182
128,106
152,93
176,182
178,188
217,12
225,182
297,143
326,97
356,20
363,132
394,243
408,34
414,182
416,93
427,102
446,182
489,34
498,122
568,48
589,97
604,243
684,34
733,182
746,272
761,275
774,68
791,187
795,268
803,202
883,182
901,263
918,204
922,67
925,247
932,167
985,52
993,151
33,38
44,243
141,182
153,246
195,93
210,132
228,21
323,182
344,64
352,152
430,150
458,34
521,42
527,157
535,42
629,23
679,215
712,182
744,31
746,143
748,93
848,76
913,182
915,215
933,34
939,247
6,243
50,143
71,132
75,109
121,34
128,59
148,215
168,182
184,143
217,25
220,68
266,182
297,21
366,166
371,151
523,217
527,83
600,191
627,67
635,73
656,174
680,278
700,236
704,107
728,216
752,204
819,275
889,263
891,182
926,97
937,143
951,144
996,80
13,247
15,143
18,188
21,25
30,97
34,12
36,93
81,97
89,247
140,182
181,182
211,34
327,247
337,243
351,246
496,97
516,68
576,166
609,246
613,204
615,12
628,274
701,97
786,121
866,157
871,42
872,188
877,77
883,107
907,16
915,251
937,202
969,283
993,217
995,83
27,291
51,236
126,137
199,34
213,204
288,118
302,152
309,184
311,114
341,182
391,106
447,21
460,93
463,68
468,188
487,272
503,243
529,42
533,248
555,106
575,67
593,21
666,151
683,236
722,151
752,21
829,166
859,68
868,74
892,243
919,254
276,12
9,42
46,166
89,250
118,42
149,68
156,166
167,182
217,182
249,132
377,91
380,68
393,182
490,267
493,247
495,260
516,246
585,182
754,52
796,246
833,243
843,182
923,34
949,157
955,42
976,21
15,202
56,93
77,187
86,154
136,34
141,74
175,68
179,182
185,289
228,12
247,107
284,76
319,12
342,188
379,42
449,228
453,76
484,183
588,182
590,249
658,42
663,42
675,182
699,143
853,21
855,190
858,89
876,143
932,243
997,182
9,246
25,247
39,182
63,219
150,42
167,291
170,157
256,34
264,285
283,188
300,42
312,123
346,182
388,23
399,6
401,3
473,34
504,188
519,3
656,118
670,42
672,257
679,114
704,67
727,34
735,157
739,166
815,118
826,144
878,42
931,34
962,64
987,174
992,132
40,182
112,154
142,238
183,125
224,188
274,143
293,209
310,23
375,248
405,132
486,182
543,243
589,68
605,114
606,13
616,182
627,93
647,246
649,102
690,175
706,68
713,107
742,83
756,182
848,204
866,21
870,194
873,236
916,154
945,86
979,243
13,106
29,42
94,243
131,12
263,143
268,187
272,274
298,158
298,42
305,144
307,237
340,93
371,217
420,147
421,187
424,203
425,34
451,97
485,12
533,59
609,166
657,275
658,97
669,97
676,291
687,45
718,107
726,195
764,184
825,172
859,182
924,143
933,182
961,230
7,243
26,76
44,42
53,150
57,87
217,42
237,172
261,34
280,91
300,274
338,182
346,143
432,111
433,21
458,217
485,21
494,217
526,219
576,59
580,21
626,243
644,78
649,82
683,67
687,243
749,188
780,137
867,83
935,114
958,147
992,68
23,34
48,97
61,182
81,105
90,171
169,236
192,23
193,182
197,143
202,246
322,275
351,175
355,97
361,161
365,83
388,159
400,217
406,72
421,236
423,107
440,68
467,247
478,19
511,188
556,204
570,34
602,21
677,174
715,246
764,132
778,93
794,182
820,180
844,91
865,16
870,224
888,93
902,182
904,42
943,59
950,93
969,83
974,106
52,68
90,97
105,123
114,125
123,3
157,34
170,246
194,12
204,34
212,236
227,180
231,215
251,182
275,212
282,135
394,143
423,182
447,254
456,108
477,68
478,246
484,275
507,278
523,263
524,93
552,3
555,132
616,59
668,13
673,151
699,193
708,166
741,269
766,182
772,275
797,204
827,106
845,93
876,73
893,182
915,212
24,187
29,48
39,143
67,34
72,68
80,248
112,12
127,23
144,63
166,132
196,291
198,264
240,42
361,269
374,202
461,255
476,143
514,246
601,8
617,274
646,68
655,191
709,110
717,68
812,204
823,138
844,97
848,125
855,202
875,209
936,23
965,68
966,0
10,157
28,42
59,246
73,204
93,12
179,132
197,68
226,143
227,215
231,97
249,215
319,34
320,1
339,34
374,62
390,68
434,67
461,42
487,108
500,243
524,34
525,34
527,96
540,96
572,21
615,248
625,23
631,91
635,107
668,182
684,182
760,246
785,182
812,42
838,172
844,12
844,180
901,217
929,23
950,23
0,34
9,254
17,107
33,107
46,67
65,187
74,34
77,22
78,172
116,19
127,42
216,132
273,163
294,97
386,106
389,143
390,13
403,68
403,91
433,68
442,93
530,73
542,12
579,182
594,117
597,124
612,247
620,154
630,203
632,182
650,166
732,223
739,248
758,42
794,187
814,291
816,243
835,166
840,97
843,204
857,246
861,204
875,202
882,12
887,96
928,7
934,76
942,224
987,34
997,107
67,56
62,60
97,83
116,76
161,291
166,97
183,194
218,247
321,251
327,73
355,176
362,291
362,34
448,107
465,42
474,182
506,168
526,182
575,107
640,68
697,188
725,227
728,132
776,183
798,243
809,246
820,154
835,25
854,182
889,118
935,34
938,182
939,73
962,291
45,248
94,97
131,21
134,97
169,34
177,106
193,125
193,42
212,107
219,216
252,204
257,228
309,228
318,118
318,276
334,48
347,31
351,95
356,132
390,120
401,42
407,182
409,135
419,166
425,243
467,188
496,166
569,21
586,182
598,291
606,68
630,246
637,263
645,68
666,67
684,236
699,13
699,10
736,42
753,263
768,165
905,182
943,48
964,275
965,107
981,118
11,175
20,143
35,254
58,107
98,246
185,166
215,247
231,243
239,215
303,76
304,68
329,292
350,93
388,107
500,97
526,118
534,118
567,247
632,73
670,132
689,157
702,271
708,42
740,12
787,118
824,21
832,243
877,34
925,107
963,172
963,121
971,171
973,42
45,42
81,34
113,42
144,143
150,12
160,243
227,132
246,59
320,43
328,143
366,123
376,73
383,34
405,97
415,25
433,61
457,247
476,202
514,204
515,68
538,182
549,157
550,93
574,240
618,97
627,34
708,48
719,59
721,216
730,106
736,247
744,272
820,204
841,59
850,107
857,166
994,34
0,21
7,42
18,42
23,118
43,206
81,83
85,243
97,42
110,93
215,121
218,107
285,166
313,93
321,68
329,180
353,248
355,166
412,137
450,152
457,182
496,204
512,204
596,106
645,132
659,183
661,132
760,243
772,182
793,246
796,67
821,12
842,182
861,180
864,158
869,252
908,97
909,107
978,62
12,97
29,34
32,97
88,217
90,68
106,144
123,107
150,34
173,243
182,132
204,291
251,132
281,122
289,274
330,182
331,118
360,182
407,143
414,18
442,182
461,206
486,93
550,42
553,93
565,137
576,42
640,182
641,246
686,97
706,143
713,187
719,48
742,278
759,132
773,68
778,182
889,246
932,76
952,107
968,34
981,246
0,0
15,52
49,143
61,48
71,67
80,182
86,12
106,42
159,143
181,174
183,153
188,68
216,247
223,182
255,91
268,176
294,132
301,76
307,42
464,12
478,68
487,157
500,132
516,206
576,106
638,80
650,12
660,133
679,12
682,202
707,151
712,188
717,246
751,123
788,206
801,97
814,118
816,246
833,132
891,106
908,22
973,35
978,83
67,203
87,21
102,202
103,182
113,182
113,215
232,12
249,97
260,143
285,48
333,68
357,143
395,119
411,16
456,78
465,217
479,217
486,68
563,183
570,291
588,184
601,220
620,174
833,143
878,219
914,134
1,182
73,67
96,118
108,23
140,73
199,212
201,93
212,34
232,68
299,59
318,176
331,246
556,34
581,130
587,172
619,252
739,12
753,67
770,291
818,125
853,68
879,182
902,291
930,158
932,12
24,19
25,93
39,74
45,247
74,107
84,176
147,247
192,68
201,247
207,236
221,93
259,182
337,34
350,12
383,243
468,182
472,132
474,68
482,73
499,246
522,143
554,93
605,215
607,118
621,12
642,180
687,68
738,182
764,143
789,268
862,72
890,21
917,34
953,291
961,247
964,182
9,21
17,73
38,243
58,42
65,188
95,215
102,291
102,246
106,166
120,166
135,172
156,254
222,143
225,132
270,68
283,68
307,118
343,248
372,247
375,25
397,59
406,175
415,91
459,42
461,132
467,182
671,93
681,6
692,217
725,102
763,122
773,22
780,172
805,217
886,291
909,182
926,132
940,236
998,143
22,77
69,12
111,202
196,42
208,246
249,243
264,12
382,97
433,243
461,246
466,202
477,143
479,223
511,118
516,73
525,118
569,42
608,151
648,202
657,246
663,243
672,68
705,204
722,246
793,151
817,166
860,243
870,204
927,272
927,12
934,204
26,166
60,223
82,151
105,217
125,59
137,176
154,211
169,217
208,97
210,130
224,166
265,215
276,42
337,252
356,97
358,182
414,16
462,204
547,109
552,182
571,246
605,275
606,102
607,182
626,21
636,107
705,292
769,107
775,97
789,93
919,209
936,246
939,246
940,34
970,162
984,157
994,12
30,187
56,67
94,209
116,280
134,93
147,106
171,3
188,143
245,136
293,34
305,59
364,247
376,243
428,106
428,166
449,143
458,263
496,12
524,107
531,68
550,18
568,110
591,206
595,68
597,45
602,97
607,187
712,247
747,21
768,195
830,3
837,132
882,93
886,97
27,143
104,93
122,243
155,143
163,289
189,247
197,243
223,264
252,263
329,97
339,246
369,107
379,121
385,182
413,48
422,34
426,118
465,106
471,34
473,188
543,157
552,38
580,150
610,246
619,132
656,34
667,25
688,182
705,21
712,93
740,34
754,150
770,246
786,172
792,166
815,246
838,247
920,291
947,145
15,157
24,182
25,187
83,182
92,243
111,63
172,22
174,182
181,246
207,204
210,147
237,121
258,18
260,28
264,182
274,132
315,133
318,34
360,203
364,93
381,246
478,36
563,246
572,202
579,263
651,107
656,12
659,246
665,183
671,68
682,243
682,21
685,12
799,246
811,68
850,204
872,187
873,107
921,34
935,182
953,182
963,26
971,21
973,182
37,228
38,166
59,291
85,154
109,59
114,16
119,93
124,68
146,182
163,175
186,204
206,192
247,188
285,243
299,42
331,174
350,276
369,3
396,217
406,79
446,166
449,183
456,121
497,97
507,143
589,119
647,281
676,248
690,132
700,247
703,68
722,67
762,166
778,247
783,257
790,247
813,180
850,3
890,42
935,243
952,217
961,166
965,35
981,34
987,12
995,187
996,5
997,122
998,76
5,97
54,114
62,118
84,12
100,21
103,107
185,42
192,107
200,136
203,249
213,97
231,132
235,93
239,273
326,264
339,254
345,87
383,182
399,247
403,243
426,151
436,182
448,247
461,23
479,246
520,107
800,143
802,274
836,225
839,247
847,246
861,91
884,107
894,68
961,97
974,143
984,140
5,130
63,107
124,158
125,48
133,114
156,182
237,68
255,150
256,218
274,97
314,12
368,3
391,59
444,12
489,18
503,264
532,204
548,12
559,135
638,155
730,166
731,93
735,73
745,159
748,107
817,97
819,246
822,93
842,236
853,251
867,68
912,64
943,25
958,143
959,42
960,121
996,243
3,106
22,143
75,182
81,132
107,254
125,97
143,48
152,182
174,106
206,104
214,83
236,182
317,114
374,182
402,254
413,59
414,194
430,182
440,6
459,246
466,132
481,97
485,227
514,151
528,34
578,244
612,3
708,183
710,243
732,50
737,59
741,243
761,157
785,151
804,136
826,97
831,144
837,202
980,175
24,169
63,34
76,9
84,182
130,272
173,97
196,34
212,122
216,143
239,42
240,216
257,272
258,16
284,42
287,3
311,12
338,144
353,166
398,34
412,121
421,107
443,157
475,68
481,83
505,263
534,246
633,188
637,107
637,217
638,5
643,83
658,12
768,83
777,108
795,236
796,34
832,106
838,68
858,282
891,48
915,97
915,190
923,21
937,132
964,68
988,143
2,151
120,91
125,106
130,182
234,21
299,48
312,182
322,143
352,67
373,97
432,27
434,34
478,275
496,34
572,97
599,21
633,246
663,97
670,143
733,291
750,243
760,216
770,73
783,83
788,23
809,68
861,12
906,187
929,182
5,243
5,147
35,68
48,132
123,247
155,83
155,214
190,144
206,58
208,247
246,166
253,217
319,182
359,107
383,157
423,67
496,243
513,97
592,61
623,246
634,203
728,283
777,29
781,187
951,12
954,291
955,34
975,26
10,143
18,182
35,75
38,248
40,67
59,143
99,182
118,166
157,132
352,291
418,68
462,23
463,242
513,21
548,166
560,34
569,83
571,93
607,176
631,68
638,209
720,243
720,143
730,68
759,136
772,143
786,108
799,123
821,91
860,68
3,1
31,132
156,48
182,252
195,175
257,132
308,34
317,97
374,91
397,144
434,204
445,12
455,182
457,246
465,246
471,154
473,182
483,42
500,143
501,25
524,291
559,182
562,184
619,97
629,236
650,25
689,243
728,243
767,68
856,143
875,183
881,97
883,93
886,73
898,202
923,6
929,107
984,247
42,97
52,246
78,108
83,159
126,172
130,143
148,12
249,21
292,12
314,204
321,243
334,59
368,107
383,274
422,93
437,272
439,276
494,34
513,132
554,97
570,217
578,278
599,78
672,78
692,267
710,188
717,206
751,246
759,182
764,183
791,21
851,118
874,182
912,49
918,97
931,275
944,176
950,107
956,151
966,254
993,248
5,143
82,263
114,204
120,183
121,42
209,97
211,249
226,132
236,107
260,34
297,132
317,243
333,182
337,154
364,182
391,223
392,152
399,188
410,219
422,107
426,246
487,247
490,107
519,35
550,219
564,274
604,143
662,204
697,202
752,180
804,230
806,96
809,202
918,22
945,78
953,107
990,93
991,243
31,252
62,34
130,291
161,118
180,180
202,157
240,204
261,234
332,107
351,68
368,42
424,246
425,217
435,143
464,97
464,143
476,74
499,151
504,254
512,217
536,182
572,243
594,222
610,132
624,164
665,291
683,118
713,68
737,106
810,204
864,182
868,182
928,227
938,151
978,143
987,118
1,246
15,9
23,246
28,97
58,182
113,254
170,188
180,97
191,180
210,97
220,239
259,25
354,97
368,35
457,93
477,247
520,93
535,206
546,202
568,166
583,182
600,275
620,12
621,182
751,151
764,68
789,107
906,107
913,42
922,151
954,68
153,23
192,35
202,55
203,114
221,42
256,157
290,143
379,68
465,223
494,93
528,93
626,93
639,48
652,121
714,66
754,9
793,67
800,9
828,202
832,166
931,202
937,243
962,73
962,106
989,97
37,215
90,143
99,236
206,146
281,93
296,97
323,21
355,188
361,143
384,243
394,134
413,144
424,236
462,42
472,182
498,247
503,202
584,273
694,247
716,292
765,176
778,188
894,274
967,204
982,272
2,246
37,184
40,93
69,97
78,288
143,132
169,118
199,243
202,76
209,243
251,123
258,42
278,107
347,143
398,243
455,157
459,119
460,202
503,157
522,12
545,68
561,177
664,246
667,42
670,243
681,121
690,21
717,182
724,23
728,21
757,217
764,215
890,243
907,204
912,97
943,166
991,107
22,97
43,23
61,113
63,93
80,93
90,183
115,193
133,249
139,246
172,68
211,114
228,97
263,91
264,204
291,78
312,166
336,143
341,18
358,106
366,68
413,106
429,204
603,141
629,42
646,163
666,217
678,16
710,93
740,132
753,217
754,202
755,97
778,187
783,278
814,182
864,106
914,68
919,42
78,76
110,188
116,68
242,59
280,12
305,42
310,182
365,257
372,187
396,182
417,182
431,93
460,68
524,182
573,48
587,21
613,206
625,182
663,216
669,243
687,11
709,166
739,59
792,48
809,143
811,212
831,106
833,97
894,45
949,243
960,68
967,206
976,238
983,23
986,246
95,166
149,188
192,3
205,130
207,35
225,157
231,143
283,176
292,132
340,107
428,223
440,21
503,132
525,247
584,34
614,215
623,106
646,246
654,107
680,91
688,73
808,121
827,246
829,182
867,182
877,21
902,127
918,42
947,261
954,143
993,34
28,292
88,107
92,191
93,215
178,246
188,291
214,143
243,132
273,23
289,154
302,182
378,243
397,166
436,246
439,12
447,292
460,150
469,247
542,166
568,59
634,217
668,143
716,97
723,275
748,68
752,12
762,144
787,174
807,132
854,246
862,81
866,187
868,143
881,188
898,182
911,21
990,125
992,147
20,132
84,174
101,182
185,97
185,215
292,166
338,42
375,59
424,34
492,182
507,83
549,143
559,73
627,182
664,76
692,67
718,68
718,247
729,187
758,182
803,157
860,158
904,166
919,5
929,236
942,144
957,78
966,21
995,93
996,97
4,68
4,123
7,97
70,106
160,143
169,203
304,182
335,59
349,215
396,188
419,106
423,151
446,25
498,93
507,74
559,223
561,166
566,246
657,202
662,236
674,76
684,93
689,191
705,182
774,88
802,12
809,152
867,143
880,291
881,187
942,12
943,182
967,246
51,132
68,97
88,67
88,219
170,182
187,59
200,23
215,272
266,132
284,86
390,175
427,209
473,220
487,246
508,247
508,93
587,279
613,182
634,118
639,25
639,182
665,223
683,34
689,249
703,278
706,97
737,204
761,182
762,25
786,68
812,97
845,282
882,16
902,221
926,243
964,280
981,182
998,132
1,34
162,59
194,187
207,3
230,291
353,59
358,223
370,93
397,25
415,48
425,93
427,78
436,186
451,243
502,291
559,246
562,97
567,182
678,12
698,68
727,107
787,246
849,16
857,224
914,243
86,93
697,97
296,132
44,187
231,61
510,182
544,294
625,35
650,144
131,204
590,182
464,68
528,67
837,184
384,115
